<Anims>
 <anim name="idle" root="royal_gel" numframes="1000" framerate="40">
  <frame idx="0" w="135" h="184" x="-0.200001" y="-52.333336">
   <element name="symbol0" layername="royal_gel_img" frame="0" z_index="1" m_a="3.800000" m_b="0.000000" m_c="0.000000" m_d="3.800000" m_tx="-61.000000" m_ty="-109.333336"/>
  </frame>
  <frame idx="25" w="135" h="184" x="-0.200001" y="-52.333336">
   <element name="symbol0" layername="royal_gel_img" frame="0" z_index="1" m_a="3.800000" m_b="0.000000" m_c="0.000000" m_d="3.800000" m_tx="-61.000000" m_ty="-109.333336"/>
  </frame>
  <frame idx="50" w="135" h="184" x="-0.200001" y="-52.333336">
   <element name="symbol0" layername="royal_gel_img" frame="0" z_index="1" m_a="3.800000" m_b="0.000000" m_c="0.000000" m_d="3.800000" m_tx="-61.000000" m_ty="-109.333336"/>
  </frame>
  <frame idx="75" w="135" h="184" x="-0.200001" y="-52.333336">
   <element name="symbol0" layername="royal_gel_img" frame="0" z_index="1" m_a="3.800000" m_b="0.000000" m_c="0.000000" m_d="3.800000" m_tx="-61.000000" m_ty="-109.333336"/>
  </frame>
  <frame idx="100" w="135" h="184" x="-0.200001" y="-52.333336">
   <element name="symbol0" layername="royal_gel_img" frame="0" z_index="1" m_a="3.800000" m_b="0.000000" m_c="0.000000" m_d="3.800000" m_tx="-61.000000" m_ty="-109.333336"/>
  </frame>
  <frame idx="125" w="135" h="184" x="-0.200001" y="-52.333336">
   <element name="symbol0" layername="royal_gel_img" frame="0" z_index="1" m_a="3.800000" m_b="0.000000" m_c="0.000000" m_d="3.800000" m_tx="-61.000000" m_ty="-109.333336"/>
  </frame>
  <frame idx="150" w="135" h="184" x="-0.200001" y="-52.333336">
   <element name="symbol0" layername="royal_gel_img" frame="0" z_index="1" m_a="3.800000" m_b="0.000000" m_c="0.000000" m_d="3.800000" m_tx="-61.000000" m_ty="-109.333336"/>
  </frame>
  <frame idx="175" w="135" h="184" x="-0.200001" y="-52.333336">
   <element name="symbol0" layername="royal_gel_img" frame="0" z_index="1" m_a="3.800000" m_b="0.000000" m_c="0.000000" m_d="3.800000" m_tx="-61.000000" m_ty="-109.333336"/>
  </frame>
  <frame idx="200" w="135" h="184" x="-0.200001" y="-52.333336">
   <element name="symbol0" layername="royal_gel_img" frame="0" z_index="1" m_a="3.800000" m_b="0.000000" m_c="0.000000" m_d="3.800000" m_tx="-61.000000" m_ty="-109.333336"/>
  </frame>
  <frame idx="225" w="135" h="184" x="-0.200001" y="-52.333336">
   <element name="symbol0" layername="royal_gel_img" frame="0" z_index="1" m_a="3.800000" m_b="0.000000" m_c="0.000000" m_d="3.800000" m_tx="-61.000000" m_ty="-109.333336"/>
  </frame>
  <frame idx="250" w="135" h="184" x="-0.200001" y="-52.333336">
   <element name="symbol0" layername="royal_gel_img" frame="0" z_index="1" m_a="3.800000" m_b="0.000000" m_c="0.000000" m_d="3.800000" m_tx="-61.000000" m_ty="-109.333336"/>
  </frame>
  <frame idx="275" w="135" h="184" x="-0.200001" y="-52.333336">
   <element name="symbol0" layername="royal_gel_img" frame="0" z_index="1" m_a="3.800000" m_b="0.000000" m_c="0.000000" m_d="3.800000" m_tx="-61.000000" m_ty="-109.333336"/>
  </frame>
  <frame idx="300" w="135" h="184" x="-0.200001" y="-52.333336">
   <element name="symbol0" layername="royal_gel_img" frame="0" z_index="1" m_a="3.800000" m_b="0.000000" m_c="0.000000" m_d="3.800000" m_tx="-61.000000" m_ty="-109.333336"/>
  </frame>
  <frame idx="325" w="135" h="184" x="-0.200001" y="-52.333336">
   <element name="symbol0" layername="royal_gel_img" frame="0" z_index="1" m_a="3.800000" m_b="0.000000" m_c="0.000000" m_d="3.800000" m_tx="-61.000000" m_ty="-109.333336"/>
  </frame>
  <frame idx="350" w="135" h="184" x="-0.200001" y="-52.333336">
   <element name="symbol0" layername="royal_gel_img" frame="0" z_index="1" m_a="3.800000" m_b="0.000000" m_c="0.000000" m_d="3.800000" m_tx="-61.000000" m_ty="-109.333336"/>
  </frame>
  <frame idx="375" w="135" h="184" x="-0.200001" y="-52.333336">
   <element name="symbol0" layername="royal_gel_img" frame="0" z_index="1" m_a="3.800000" m_b="0.000000" m_c="0.000000" m_d="3.800000" m_tx="-61.000000" m_ty="-109.333336"/>
  </frame>
  <frame idx="400" w="135" h="184" x="-0.200001" y="-52.333336">
   <element name="symbol0" layername="royal_gel_img" frame="0" z_index="1" m_a="3.800000" m_b="0.000000" m_c="0.000000" m_d="3.800000" m_tx="-61.000000" m_ty="-109.333336"/>
  </frame>
  <frame idx="425" w="135" h="184" x="-0.200001" y="-52.333336">
   <element name="symbol0" layername="royal_gel_img" frame="0" z_index="1" m_a="3.800000" m_b="0.000000" m_c="0.000000" m_d="3.800000" m_tx="-61.000000" m_ty="-109.333336"/>
  </frame>
  <frame idx="450" w="135" h="184" x="-0.200001" y="-52.333336">
   <element name="symbol0" layername="royal_gel_img" frame="0" z_index="1" m_a="3.800000" m_b="0.000000" m_c="0.000000" m_d="3.800000" m_tx="-61.000000" m_ty="-109.333336"/>
  </frame>
  <frame idx="475" w="135" h="184" x="-0.200001" y="-52.333336">
   <element name="symbol0" layername="royal_gel_img" frame="0" z_index="1" m_a="3.800000" m_b="0.000000" m_c="0.000000" m_d="3.800000" m_tx="-61.000000" m_ty="-109.333336"/>
  </frame>
  <frame idx="500" w="135" h="184" x="-0.200001" y="-52.333336">
   <element name="symbol0" layername="royal_gel_img" frame="0" z_index="1" m_a="3.800000" m_b="0.000000" m_c="0.000000" m_d="3.800000" m_tx="-61.000000" m_ty="-109.333336"/>
  </frame>
  <frame idx="525" w="135" h="184" x="-0.200001" y="-52.333336">
   <element name="symbol0" layername="royal_gel_img" frame="0" z_index="1" m_a="3.800000" m_b="0.000000" m_c="0.000000" m_d="3.800000" m_tx="-61.000000" m_ty="-109.333336"/>
  </frame>
  <frame idx="550" w="135" h="184" x="-0.200001" y="-52.333336">
   <element name="symbol0" layername="royal_gel_img" frame="0" z_index="1" m_a="3.800000" m_b="0.000000" m_c="0.000000" m_d="3.800000" m_tx="-61.000000" m_ty="-109.333336"/>
  </frame>
  <frame idx="575" w="135" h="184" x="-0.200001" y="-52.333336">
   <element name="symbol0" layername="royal_gel_img" frame="0" z_index="1" m_a="3.800000" m_b="0.000000" m_c="0.000000" m_d="3.800000" m_tx="-61.000000" m_ty="-109.333336"/>
  </frame>
  <frame idx="600" w="135" h="184" x="-0.200001" y="-52.333336">
   <element name="symbol0" layername="royal_gel_img" frame="0" z_index="1" m_a="3.800000" m_b="0.000000" m_c="0.000000" m_d="3.800000" m_tx="-61.000000" m_ty="-109.333336"/>
  </frame>
  <frame idx="625" w="135" h="184" x="-0.200001" y="-52.333336">
   <element name="symbol0" layername="royal_gel_img" frame="0" z_index="1" m_a="3.800000" m_b="0.000000" m_c="0.000000" m_d="3.800000" m_tx="-61.000000" m_ty="-109.333336"/>
  </frame>
  <frame idx="650" w="135" h="184" x="-0.200001" y="-52.333336">
   <element name="symbol0" layername="royal_gel_img" frame="0" z_index="1" m_a="3.800000" m_b="0.000000" m_c="0.000000" m_d="3.800000" m_tx="-61.000000" m_ty="-109.333336"/>
  </frame>
  <frame idx="675" w="135" h="184" x="-0.200001" y="-52.333336">
   <element name="symbol0" layername="royal_gel_img" frame="0" z_index="1" m_a="3.800000" m_b="0.000000" m_c="0.000000" m_d="3.800000" m_tx="-61.000000" m_ty="-109.333336"/>
  </frame>
  <frame idx="700" w="135" h="184" x="-0.200001" y="-52.333336">
   <element name="symbol0" layername="royal_gel_img" frame="0" z_index="1" m_a="3.800000" m_b="0.000000" m_c="0.000000" m_d="3.800000" m_tx="-61.000000" m_ty="-109.333336"/>
  </frame>
  <frame idx="725" w="135" h="184" x="-0.200001" y="-52.333336">
   <element name="symbol0" layername="royal_gel_img" frame="0" z_index="1" m_a="3.800000" m_b="0.000000" m_c="0.000000" m_d="3.800000" m_tx="-61.000000" m_ty="-109.333336"/>
  </frame>
  <frame idx="750" w="135" h="184" x="-0.200001" y="-52.333336">
   <element name="symbol0" layername="royal_gel_img" frame="0" z_index="1" m_a="3.800000" m_b="0.000000" m_c="0.000000" m_d="3.800000" m_tx="-61.000000" m_ty="-109.333336"/>
  </frame>
  <frame idx="775" w="135" h="184" x="-0.200001" y="-52.333336">
   <element name="symbol0" layername="royal_gel_img" frame="0" z_index="1" m_a="3.800000" m_b="0.000000" m_c="0.000000" m_d="3.800000" m_tx="-61.000000" m_ty="-109.333336"/>
  </frame>
  <frame idx="800" w="135" h="184" x="-0.200001" y="-52.333336">
   <element name="symbol0" layername="royal_gel_img" frame="0" z_index="1" m_a="3.800000" m_b="0.000000" m_c="0.000000" m_d="3.800000" m_tx="-61.000000" m_ty="-109.333336"/>
  </frame>
  <frame idx="825" w="135" h="184" x="-0.200001" y="-52.333336">
   <element name="symbol0" layername="royal_gel_img" frame="0" z_index="1" m_a="3.800000" m_b="0.000000" m_c="0.000000" m_d="3.800000" m_tx="-61.000000" m_ty="-109.333336"/>
  </frame>
  <frame idx="850" w="135" h="184" x="-0.200001" y="-52.333336">
   <element name="symbol0" layername="royal_gel_img" frame="0" z_index="1" m_a="3.800000" m_b="0.000000" m_c="0.000000" m_d="3.800000" m_tx="-61.000000" m_ty="-109.333336"/>
  </frame>
  <frame idx="875" w="135" h="184" x="-0.200001" y="-52.333336">
   <element name="symbol0" layername="royal_gel_img" frame="0" z_index="1" m_a="3.800000" m_b="0.000000" m_c="0.000000" m_d="3.800000" m_tx="-61.000000" m_ty="-109.333336"/>
  </frame>
  <frame idx="900" w="135" h="184" x="-0.200001" y="-52.333336">
   <element name="symbol0" layername="royal_gel_img" frame="0" z_index="1" m_a="3.800000" m_b="0.000000" m_c="0.000000" m_d="3.800000" m_tx="-61.000000" m_ty="-109.333336"/>
  </frame>
  <frame idx="925" w="135" h="184" x="-0.200001" y="-52.333336">
   <element name="symbol0" layername="royal_gel_img" frame="0" z_index="1" m_a="3.800000" m_b="0.000000" m_c="0.000000" m_d="3.800000" m_tx="-61.000000" m_ty="-109.333336"/>
  </frame>
  <frame idx="950" w="135" h="184" x="-0.200001" y="-52.333336">
   <element name="symbol0" layername="royal_gel_img" frame="0" z_index="1" m_a="3.800000" m_b="0.000000" m_c="0.000000" m_d="3.800000" m_tx="-61.000000" m_ty="-109.333336"/>
  </frame>
  <frame idx="975" w="135" h="184" x="-0.200001" y="-52.333336">
   <element name="symbol0" layername="royal_gel_img" frame="0" z_index="1" m_a="3.800000" m_b="0.000000" m_c="0.000000" m_d="3.800000" m_tx="-61.000000" m_ty="-109.333336"/>
  </frame>
 </anim>
</Anims>
