<Anims>
 <anim name="idle" root="green_slime_0" numframes="1000" framerate="40">
  <frame idx="0" w="182" h="186" x="0.423080" y="-48.115387">
   <element name="green_slime" layername="green_slime" frame="0" z_index="1" m_a="5.000000" m_b="0.000000" m_c="0.000000" m_d="5.000000" m_tx="-82.076920" m_ty="-108.115387"/>
  </frame>
  <frame idx="25" w="182" h="186" x="0.423080" y="-48.115387">
   <element name="green_slime" layername="green_slime" frame="0" z_index="1" m_a="5.000000" m_b="0.000000" m_c="0.000000" m_d="5.000000" m_tx="-82.076920" m_ty="-108.115387"/>
  </frame>
  <frame idx="50" w="182" h="186" x="0.423080" y="-48.115387">
   <element name="green_slime" layername="green_slime" frame="0" z_index="1" m_a="5.000000" m_b="0.000000" m_c="0.000000" m_d="5.000000" m_tx="-82.076920" m_ty="-108.115387"/>
  </frame>
  <frame idx="75" w="182" h="186" x="0.423080" y="-48.115387">
   <element name="green_slime" layername="green_slime" frame="0" z_index="1" m_a="5.000000" m_b="0.000000" m_c="0.000000" m_d="5.000000" m_tx="-82.076920" m_ty="-108.115387"/>
  </frame>
  <frame idx="100" w="182" h="186" x="0.423080" y="-48.115387">
   <element name="green_slime" layername="green_slime" frame="0" z_index="1" m_a="5.000000" m_b="0.000000" m_c="0.000000" m_d="5.000000" m_tx="-82.076920" m_ty="-108.115387"/>
  </frame>
  <frame idx="125" w="182" h="186" x="0.423080" y="-48.115387">
   <element name="green_slime" layername="green_slime" frame="0" z_index="1" m_a="5.000000" m_b="0.000000" m_c="0.000000" m_d="5.000000" m_tx="-82.076920" m_ty="-108.115387"/>
  </frame>
  <frame idx="150" w="182" h="186" x="0.423080" y="-48.115387">
   <element name="green_slime" layername="green_slime" frame="0" z_index="1" m_a="5.000000" m_b="0.000000" m_c="0.000000" m_d="5.000000" m_tx="-82.076920" m_ty="-108.115387"/>
  </frame>
  <frame idx="175" w="182" h="186" x="0.423080" y="-48.115387">
   <element name="green_slime" layername="green_slime" frame="0" z_index="1" m_a="5.000000" m_b="0.000000" m_c="0.000000" m_d="5.000000" m_tx="-82.076920" m_ty="-108.115387"/>
  </frame>
  <frame idx="200" w="182" h="186" x="0.423080" y="-48.115387">
   <element name="green_slime" layername="green_slime" frame="0" z_index="1" m_a="5.000000" m_b="0.000000" m_c="0.000000" m_d="5.000000" m_tx="-82.076920" m_ty="-108.115387"/>
  </frame>
  <frame idx="225" w="182" h="186" x="0.423080" y="-48.115387">
   <element name="green_slime" layername="green_slime" frame="0" z_index="1" m_a="5.000000" m_b="0.000000" m_c="0.000000" m_d="5.000000" m_tx="-82.076920" m_ty="-108.115387"/>
  </frame>
  <frame idx="250" w="182" h="186" x="0.423080" y="-48.115387">
   <element name="green_slime" layername="green_slime" frame="0" z_index="1" m_a="5.000000" m_b="0.000000" m_c="0.000000" m_d="5.000000" m_tx="-82.076920" m_ty="-108.115387"/>
  </frame>
  <frame idx="275" w="182" h="186" x="0.423080" y="-48.115387">
   <element name="green_slime" layername="green_slime" frame="0" z_index="1" m_a="5.000000" m_b="0.000000" m_c="0.000000" m_d="5.000000" m_tx="-82.076920" m_ty="-108.115387"/>
  </frame>
  <frame idx="300" w="182" h="186" x="0.423080" y="-48.115387">
   <element name="green_slime" layername="green_slime" frame="0" z_index="1" m_a="5.000000" m_b="0.000000" m_c="0.000000" m_d="5.000000" m_tx="-82.076920" m_ty="-108.115387"/>
  </frame>
  <frame idx="325" w="182" h="186" x="0.423080" y="-48.115387">
   <element name="green_slime" layername="green_slime" frame="0" z_index="1" m_a="5.000000" m_b="0.000000" m_c="0.000000" m_d="5.000000" m_tx="-82.076920" m_ty="-108.115387"/>
  </frame>
  <frame idx="350" w="182" h="186" x="0.423080" y="-48.115387">
   <element name="green_slime" layername="green_slime" frame="0" z_index="1" m_a="5.000000" m_b="0.000000" m_c="0.000000" m_d="5.000000" m_tx="-82.076920" m_ty="-108.115387"/>
  </frame>
  <frame idx="375" w="182" h="186" x="0.423080" y="-48.115387">
   <element name="green_slime" layername="green_slime" frame="0" z_index="1" m_a="5.000000" m_b="0.000000" m_c="0.000000" m_d="5.000000" m_tx="-82.076920" m_ty="-108.115387"/>
  </frame>
  <frame idx="400" w="182" h="186" x="0.423080" y="-48.115387">
   <element name="green_slime" layername="green_slime" frame="0" z_index="1" m_a="5.000000" m_b="0.000000" m_c="0.000000" m_d="5.000000" m_tx="-82.076920" m_ty="-108.115387"/>
  </frame>
  <frame idx="425" w="182" h="186" x="0.423080" y="-48.115387">
   <element name="green_slime" layername="green_slime" frame="0" z_index="1" m_a="5.000000" m_b="0.000000" m_c="0.000000" m_d="5.000000" m_tx="-82.076920" m_ty="-108.115387"/>
  </frame>
  <frame idx="450" w="182" h="186" x="0.423080" y="-48.115387">
   <element name="green_slime" layername="green_slime" frame="0" z_index="1" m_a="5.000000" m_b="0.000000" m_c="0.000000" m_d="5.000000" m_tx="-82.076920" m_ty="-108.115387"/>
  </frame>
  <frame idx="475" w="182" h="186" x="0.423080" y="-48.115387">
   <element name="green_slime" layername="green_slime" frame="0" z_index="1" m_a="5.000000" m_b="0.000000" m_c="0.000000" m_d="5.000000" m_tx="-82.076920" m_ty="-108.115387"/>
  </frame>
  <frame idx="500" w="182" h="186" x="0.423080" y="-48.115387">
   <element name="green_slime" layername="green_slime" frame="0" z_index="1" m_a="5.000000" m_b="0.000000" m_c="0.000000" m_d="5.000000" m_tx="-82.076920" m_ty="-108.115387"/>
  </frame>
  <frame idx="525" w="182" h="186" x="0.423080" y="-48.115387">
   <element name="green_slime" layername="green_slime" frame="0" z_index="1" m_a="5.000000" m_b="0.000000" m_c="0.000000" m_d="5.000000" m_tx="-82.076920" m_ty="-108.115387"/>
  </frame>
  <frame idx="550" w="182" h="186" x="0.423080" y="-48.115387">
   <element name="green_slime" layername="green_slime" frame="0" z_index="1" m_a="5.000000" m_b="0.000000" m_c="0.000000" m_d="5.000000" m_tx="-82.076920" m_ty="-108.115387"/>
  </frame>
  <frame idx="575" w="182" h="186" x="0.423080" y="-48.115387">
   <element name="green_slime" layername="green_slime" frame="0" z_index="1" m_a="5.000000" m_b="0.000000" m_c="0.000000" m_d="5.000000" m_tx="-82.076920" m_ty="-108.115387"/>
  </frame>
  <frame idx="600" w="182" h="186" x="0.423080" y="-48.115387">
   <element name="green_slime" layername="green_slime" frame="0" z_index="1" m_a="5.000000" m_b="0.000000" m_c="0.000000" m_d="5.000000" m_tx="-82.076920" m_ty="-108.115387"/>
  </frame>
  <frame idx="625" w="182" h="186" x="0.423080" y="-48.115387">
   <element name="green_slime" layername="green_slime" frame="0" z_index="1" m_a="5.000000" m_b="0.000000" m_c="0.000000" m_d="5.000000" m_tx="-82.076920" m_ty="-108.115387"/>
  </frame>
  <frame idx="650" w="182" h="186" x="0.423080" y="-48.115387">
   <element name="green_slime" layername="green_slime" frame="0" z_index="1" m_a="5.000000" m_b="0.000000" m_c="0.000000" m_d="5.000000" m_tx="-82.076920" m_ty="-108.115387"/>
  </frame>
  <frame idx="675" w="182" h="186" x="0.423080" y="-48.115387">
   <element name="green_slime" layername="green_slime" frame="0" z_index="1" m_a="5.000000" m_b="0.000000" m_c="0.000000" m_d="5.000000" m_tx="-82.076920" m_ty="-108.115387"/>
  </frame>
  <frame idx="700" w="182" h="186" x="0.423080" y="-48.115387">
   <element name="green_slime" layername="green_slime" frame="0" z_index="1" m_a="5.000000" m_b="0.000000" m_c="0.000000" m_d="5.000000" m_tx="-82.076920" m_ty="-108.115387"/>
  </frame>
  <frame idx="725" w="182" h="186" x="0.423080" y="-48.115387">
   <element name="green_slime" layername="green_slime" frame="0" z_index="1" m_a="5.000000" m_b="0.000000" m_c="0.000000" m_d="5.000000" m_tx="-82.076920" m_ty="-108.115387"/>
  </frame>
  <frame idx="750" w="182" h="186" x="0.423080" y="-48.115387">
   <element name="green_slime" layername="green_slime" frame="0" z_index="1" m_a="5.000000" m_b="0.000000" m_c="0.000000" m_d="5.000000" m_tx="-82.076920" m_ty="-108.115387"/>
  </frame>
  <frame idx="775" w="182" h="186" x="0.423080" y="-48.115387">
   <element name="green_slime" layername="green_slime" frame="0" z_index="1" m_a="5.000000" m_b="0.000000" m_c="0.000000" m_d="5.000000" m_tx="-82.076920" m_ty="-108.115387"/>
  </frame>
  <frame idx="800" w="182" h="186" x="0.423080" y="-48.115387">
   <element name="green_slime" layername="green_slime" frame="0" z_index="1" m_a="5.000000" m_b="0.000000" m_c="0.000000" m_d="5.000000" m_tx="-82.076920" m_ty="-108.115387"/>
  </frame>
  <frame idx="825" w="182" h="186" x="0.423080" y="-48.115387">
   <element name="green_slime" layername="green_slime" frame="0" z_index="1" m_a="5.000000" m_b="0.000000" m_c="0.000000" m_d="5.000000" m_tx="-82.076920" m_ty="-108.115387"/>
  </frame>
  <frame idx="850" w="182" h="186" x="0.423080" y="-48.115387">
   <element name="green_slime" layername="green_slime" frame="0" z_index="1" m_a="5.000000" m_b="0.000000" m_c="0.000000" m_d="5.000000" m_tx="-82.076920" m_ty="-108.115387"/>
  </frame>
  <frame idx="875" w="182" h="186" x="0.423080" y="-48.115387">
   <element name="green_slime" layername="green_slime" frame="0" z_index="1" m_a="5.000000" m_b="0.000000" m_c="0.000000" m_d="5.000000" m_tx="-82.076920" m_ty="-108.115387"/>
  </frame>
  <frame idx="900" w="182" h="186" x="0.423080" y="-48.115387">
   <element name="green_slime" layername="green_slime" frame="0" z_index="1" m_a="5.000000" m_b="0.000000" m_c="0.000000" m_d="5.000000" m_tx="-82.076920" m_ty="-108.115387"/>
  </frame>
  <frame idx="925" w="182" h="186" x="0.423080" y="-48.115387">
   <element name="green_slime" layername="green_slime" frame="0" z_index="1" m_a="5.000000" m_b="0.000000" m_c="0.000000" m_d="5.000000" m_tx="-82.076920" m_ty="-108.115387"/>
  </frame>
  <frame idx="950" w="182" h="186" x="0.423080" y="-48.115387">
   <element name="green_slime" layername="green_slime" frame="0" z_index="1" m_a="5.000000" m_b="0.000000" m_c="0.000000" m_d="5.000000" m_tx="-82.076920" m_ty="-108.115387"/>
  </frame>
  <frame idx="975" w="182" h="186" x="0.423080" y="-48.115387">
   <element name="green_slime" layername="green_slime" frame="0" z_index="1" m_a="5.000000" m_b="0.000000" m_c="0.000000" m_d="5.000000" m_tx="-82.076920" m_ty="-108.115387"/>
  </frame>
 </anim>
</Anims>
