<Anims>
 <anim name="idle" root="king_slime_0" numframes="1000" framerate="40">
  <frame idx="0" w="919" h="1252" x="0.500000" y="-378.000000">
   <element name="king_slime" layername="King_Slime" frame="0" z_index="1" m_a="5.000000" m_b="0.000000" m_c="0.000000" m_d="5.000000" m_tx="-417.000000" m_ty="-758.000000"/>
  </frame>
  <frame idx="25" w="919" h="1252" x="0.500000" y="-378.000000">
   <element name="king_slime" layername="King_Slime" frame="0" z_index="1" m_a="5.000000" m_b="0.000000" m_c="0.000000" m_d="5.000000" m_tx="-417.000000" m_ty="-758.000000"/>
  </frame>
  <frame idx="50" w="919" h="1252" x="0.500000" y="-378.000000">
   <element name="king_slime" layername="King_Slime" frame="0" z_index="1" m_a="5.000000" m_b="0.000000" m_c="0.000000" m_d="5.000000" m_tx="-417.000000" m_ty="-758.000000"/>
  </frame>
  <frame idx="75" w="919" h="1252" x="0.500000" y="-378.000000">
   <element name="king_slime" layername="King_Slime" frame="0" z_index="1" m_a="5.000000" m_b="0.000000" m_c="0.000000" m_d="5.000000" m_tx="-417.000000" m_ty="-758.000000"/>
  </frame>
  <frame idx="100" w="919" h="1252" x="0.500000" y="-378.000000">
   <element name="king_slime" layername="King_Slime" frame="0" z_index="1" m_a="5.000000" m_b="0.000000" m_c="0.000000" m_d="5.000000" m_tx="-417.000000" m_ty="-758.000000"/>
  </frame>
  <frame idx="125" w="919" h="1252" x="0.500000" y="-378.000000">
   <element name="king_slime" layername="King_Slime" frame="0" z_index="1" m_a="5.000000" m_b="0.000000" m_c="0.000000" m_d="5.000000" m_tx="-417.000000" m_ty="-758.000000"/>
  </frame>
  <frame idx="150" w="919" h="1252" x="0.500000" y="-378.000000">
   <element name="king_slime" layername="King_Slime" frame="0" z_index="1" m_a="5.000000" m_b="0.000000" m_c="0.000000" m_d="5.000000" m_tx="-417.000000" m_ty="-758.000000"/>
  </frame>
  <frame idx="175" w="919" h="1252" x="0.500000" y="-378.000000">
   <element name="king_slime" layername="King_Slime" frame="0" z_index="1" m_a="5.000000" m_b="0.000000" m_c="0.000000" m_d="5.000000" m_tx="-417.000000" m_ty="-758.000000"/>
  </frame>
  <frame idx="200" w="919" h="1252" x="0.500000" y="-378.000000">
   <element name="king_slime" layername="King_Slime" frame="0" z_index="1" m_a="5.000000" m_b="0.000000" m_c="0.000000" m_d="5.000000" m_tx="-417.000000" m_ty="-758.000000"/>
  </frame>
  <frame idx="225" w="919" h="1252" x="0.500000" y="-378.000000">
   <element name="king_slime" layername="King_Slime" frame="0" z_index="1" m_a="5.000000" m_b="0.000000" m_c="0.000000" m_d="5.000000" m_tx="-417.000000" m_ty="-758.000000"/>
  </frame>
  <frame idx="250" w="919" h="1252" x="0.500000" y="-378.000000">
   <element name="king_slime" layername="King_Slime" frame="0" z_index="1" m_a="5.000000" m_b="0.000000" m_c="0.000000" m_d="5.000000" m_tx="-417.000000" m_ty="-758.000000"/>
  </frame>
  <frame idx="275" w="919" h="1252" x="0.500000" y="-378.000000">
   <element name="king_slime" layername="King_Slime" frame="0" z_index="1" m_a="5.000000" m_b="0.000000" m_c="0.000000" m_d="5.000000" m_tx="-417.000000" m_ty="-758.000000"/>
  </frame>
  <frame idx="300" w="919" h="1252" x="0.500000" y="-378.000000">
   <element name="king_slime" layername="King_Slime" frame="0" z_index="1" m_a="5.000000" m_b="0.000000" m_c="0.000000" m_d="5.000000" m_tx="-417.000000" m_ty="-758.000000"/>
  </frame>
  <frame idx="325" w="919" h="1252" x="0.500000" y="-378.000000">
   <element name="king_slime" layername="King_Slime" frame="0" z_index="1" m_a="5.000000" m_b="0.000000" m_c="0.000000" m_d="5.000000" m_tx="-417.000000" m_ty="-758.000000"/>
  </frame>
  <frame idx="350" w="919" h="1252" x="0.500000" y="-378.000000">
   <element name="king_slime" layername="King_Slime" frame="0" z_index="1" m_a="5.000000" m_b="0.000000" m_c="0.000000" m_d="5.000000" m_tx="-417.000000" m_ty="-758.000000"/>
  </frame>
  <frame idx="375" w="919" h="1252" x="0.500000" y="-378.000000">
   <element name="king_slime" layername="King_Slime" frame="0" z_index="1" m_a="5.000000" m_b="0.000000" m_c="0.000000" m_d="5.000000" m_tx="-417.000000" m_ty="-758.000000"/>
  </frame>
  <frame idx="400" w="919" h="1252" x="0.500000" y="-378.000000">
   <element name="king_slime" layername="King_Slime" frame="0" z_index="1" m_a="5.000000" m_b="0.000000" m_c="0.000000" m_d="5.000000" m_tx="-417.000000" m_ty="-758.000000"/>
  </frame>
  <frame idx="425" w="919" h="1252" x="0.500000" y="-378.000000">
   <element name="king_slime" layername="King_Slime" frame="0" z_index="1" m_a="5.000000" m_b="0.000000" m_c="0.000000" m_d="5.000000" m_tx="-417.000000" m_ty="-758.000000"/>
  </frame>
  <frame idx="450" w="919" h="1252" x="0.500000" y="-378.000000">
   <element name="king_slime" layername="King_Slime" frame="0" z_index="1" m_a="5.000000" m_b="0.000000" m_c="0.000000" m_d="5.000000" m_tx="-417.000000" m_ty="-758.000000"/>
  </frame>
  <frame idx="475" w="919" h="1252" x="0.500000" y="-378.000000">
   <element name="king_slime" layername="King_Slime" frame="0" z_index="1" m_a="5.000000" m_b="0.000000" m_c="0.000000" m_d="5.000000" m_tx="-417.000000" m_ty="-758.000000"/>
  </frame>
  <frame idx="500" w="919" h="1252" x="0.500000" y="-378.000000">
   <element name="king_slime" layername="King_Slime" frame="0" z_index="1" m_a="5.000000" m_b="0.000000" m_c="0.000000" m_d="5.000000" m_tx="-417.000000" m_ty="-758.000000"/>
  </frame>
  <frame idx="525" w="919" h="1252" x="0.500000" y="-378.000000">
   <element name="king_slime" layername="King_Slime" frame="0" z_index="1" m_a="5.000000" m_b="0.000000" m_c="0.000000" m_d="5.000000" m_tx="-417.000000" m_ty="-758.000000"/>
  </frame>
  <frame idx="550" w="919" h="1252" x="0.500000" y="-378.000000">
   <element name="king_slime" layername="King_Slime" frame="0" z_index="1" m_a="5.000000" m_b="0.000000" m_c="0.000000" m_d="5.000000" m_tx="-417.000000" m_ty="-758.000000"/>
  </frame>
  <frame idx="575" w="919" h="1252" x="0.500000" y="-378.000000">
   <element name="king_slime" layername="King_Slime" frame="0" z_index="1" m_a="5.000000" m_b="0.000000" m_c="0.000000" m_d="5.000000" m_tx="-417.000000" m_ty="-758.000000"/>
  </frame>
  <frame idx="600" w="919" h="1252" x="0.500000" y="-378.000000">
   <element name="king_slime" layername="King_Slime" frame="0" z_index="1" m_a="5.000000" m_b="0.000000" m_c="0.000000" m_d="5.000000" m_tx="-417.000000" m_ty="-758.000000"/>
  </frame>
  <frame idx="625" w="919" h="1252" x="0.500000" y="-378.000000">
   <element name="king_slime" layername="King_Slime" frame="0" z_index="1" m_a="5.000000" m_b="0.000000" m_c="0.000000" m_d="5.000000" m_tx="-417.000000" m_ty="-758.000000"/>
  </frame>
  <frame idx="650" w="919" h="1252" x="0.500000" y="-378.000000">
   <element name="king_slime" layername="King_Slime" frame="0" z_index="1" m_a="5.000000" m_b="0.000000" m_c="0.000000" m_d="5.000000" m_tx="-417.000000" m_ty="-758.000000"/>
  </frame>
  <frame idx="675" w="919" h="1252" x="0.500000" y="-378.000000">
   <element name="king_slime" layername="King_Slime" frame="0" z_index="1" m_a="5.000000" m_b="0.000000" m_c="0.000000" m_d="5.000000" m_tx="-417.000000" m_ty="-758.000000"/>
  </frame>
  <frame idx="700" w="919" h="1252" x="0.500000" y="-378.000000">
   <element name="king_slime" layername="King_Slime" frame="0" z_index="1" m_a="5.000000" m_b="0.000000" m_c="0.000000" m_d="5.000000" m_tx="-417.000000" m_ty="-758.000000"/>
  </frame>
  <frame idx="725" w="919" h="1252" x="0.500000" y="-378.000000">
   <element name="king_slime" layername="King_Slime" frame="0" z_index="1" m_a="5.000000" m_b="0.000000" m_c="0.000000" m_d="5.000000" m_tx="-417.000000" m_ty="-758.000000"/>
  </frame>
  <frame idx="750" w="919" h="1252" x="0.500000" y="-378.000000">
   <element name="king_slime" layername="King_Slime" frame="0" z_index="1" m_a="5.000000" m_b="0.000000" m_c="0.000000" m_d="5.000000" m_tx="-417.000000" m_ty="-758.000000"/>
  </frame>
  <frame idx="775" w="919" h="1252" x="0.500000" y="-378.000000">
   <element name="king_slime" layername="King_Slime" frame="0" z_index="1" m_a="5.000000" m_b="0.000000" m_c="0.000000" m_d="5.000000" m_tx="-417.000000" m_ty="-758.000000"/>
  </frame>
  <frame idx="800" w="919" h="1252" x="0.500000" y="-378.000000">
   <element name="king_slime" layername="King_Slime" frame="0" z_index="1" m_a="5.000000" m_b="0.000000" m_c="0.000000" m_d="5.000000" m_tx="-417.000000" m_ty="-758.000000"/>
  </frame>
  <frame idx="825" w="919" h="1252" x="0.500000" y="-378.000000">
   <element name="king_slime" layername="King_Slime" frame="0" z_index="1" m_a="5.000000" m_b="0.000000" m_c="0.000000" m_d="5.000000" m_tx="-417.000000" m_ty="-758.000000"/>
  </frame>
  <frame idx="850" w="919" h="1252" x="0.500000" y="-378.000000">
   <element name="king_slime" layername="King_Slime" frame="0" z_index="1" m_a="5.000000" m_b="0.000000" m_c="0.000000" m_d="5.000000" m_tx="-417.000000" m_ty="-758.000000"/>
  </frame>
  <frame idx="875" w="919" h="1252" x="0.500000" y="-378.000000">
   <element name="king_slime" layername="King_Slime" frame="0" z_index="1" m_a="5.000000" m_b="0.000000" m_c="0.000000" m_d="5.000000" m_tx="-417.000000" m_ty="-758.000000"/>
  </frame>
  <frame idx="900" w="919" h="1252" x="0.500000" y="-378.000000">
   <element name="king_slime" layername="King_Slime" frame="0" z_index="1" m_a="5.000000" m_b="0.000000" m_c="0.000000" m_d="5.000000" m_tx="-417.000000" m_ty="-758.000000"/>
  </frame>
  <frame idx="925" w="919" h="1252" x="0.500000" y="-378.000000">
   <element name="king_slime" layername="King_Slime" frame="0" z_index="1" m_a="5.000000" m_b="0.000000" m_c="0.000000" m_d="5.000000" m_tx="-417.000000" m_ty="-758.000000"/>
  </frame>
  <frame idx="950" w="919" h="1252" x="0.500000" y="-378.000000">
   <element name="king_slime" layername="King_Slime" frame="0" z_index="1" m_a="5.000000" m_b="0.000000" m_c="0.000000" m_d="5.000000" m_tx="-417.000000" m_ty="-758.000000"/>
  </frame>
  <frame idx="975" w="919" h="1252" x="0.500000" y="-378.000000">
   <element name="king_slime" layername="King_Slime" frame="0" z_index="1" m_a="5.000000" m_b="0.000000" m_c="0.000000" m_d="5.000000" m_tx="-417.000000" m_ty="-758.000000"/>
  </frame>
 </anim>
</Anims>
