<Anims>
 <anim name="idle" root="king_slime_3" numframes="1000" framerate="40">
  <frame idx="0" w="917" h="1256" x="2.865845" y="-380.975586">
   <element name="king_slime" layername="King_Slime_3" frame="0" z_index="1" m_a="5.000000" m_b="0.000000" m_c="0.000000" m_d="5.000000" m_tx="-414.634155" m_ty="-760.975586"/>
  </frame>
  <frame idx="25" w="917" h="1256" x="2.865845" y="-380.975586">
   <element name="king_slime" layername="King_Slime_3" frame="0" z_index="1" m_a="5.000000" m_b="0.000000" m_c="0.000000" m_d="5.000000" m_tx="-414.634155" m_ty="-760.975586"/>
  </frame>
  <frame idx="50" w="917" h="1256" x="2.865845" y="-380.975586">
   <element name="king_slime" layername="King_Slime_3" frame="0" z_index="1" m_a="5.000000" m_b="0.000000" m_c="0.000000" m_d="5.000000" m_tx="-414.634155" m_ty="-760.975586"/>
  </frame>
  <frame idx="75" w="917" h="1256" x="2.865845" y="-380.975586">
   <element name="king_slime" layername="King_Slime_3" frame="0" z_index="1" m_a="5.000000" m_b="0.000000" m_c="0.000000" m_d="5.000000" m_tx="-414.634155" m_ty="-760.975586"/>
  </frame>
  <frame idx="100" w="917" h="1256" x="2.865845" y="-380.975586">
   <element name="king_slime" layername="King_Slime_3" frame="0" z_index="1" m_a="5.000000" m_b="0.000000" m_c="0.000000" m_d="5.000000" m_tx="-414.634155" m_ty="-760.975586"/>
  </frame>
  <frame idx="125" w="917" h="1256" x="2.865845" y="-380.975586">
   <element name="king_slime" layername="King_Slime_3" frame="0" z_index="1" m_a="5.000000" m_b="0.000000" m_c="0.000000" m_d="5.000000" m_tx="-414.634155" m_ty="-760.975586"/>
  </frame>
  <frame idx="150" w="917" h="1256" x="2.865845" y="-380.975586">
   <element name="king_slime" layername="King_Slime_3" frame="0" z_index="1" m_a="5.000000" m_b="0.000000" m_c="0.000000" m_d="5.000000" m_tx="-414.634155" m_ty="-760.975586"/>
  </frame>
  <frame idx="175" w="917" h="1256" x="2.865845" y="-380.975586">
   <element name="king_slime" layername="King_Slime_3" frame="0" z_index="1" m_a="5.000000" m_b="0.000000" m_c="0.000000" m_d="5.000000" m_tx="-414.634155" m_ty="-760.975586"/>
  </frame>
  <frame idx="200" w="917" h="1256" x="2.865845" y="-380.975586">
   <element name="king_slime" layername="King_Slime_3" frame="0" z_index="1" m_a="5.000000" m_b="0.000000" m_c="0.000000" m_d="5.000000" m_tx="-414.634155" m_ty="-760.975586"/>
  </frame>
  <frame idx="225" w="917" h="1256" x="2.865845" y="-380.975586">
   <element name="king_slime" layername="King_Slime_3" frame="0" z_index="1" m_a="5.000000" m_b="0.000000" m_c="0.000000" m_d="5.000000" m_tx="-414.634155" m_ty="-760.975586"/>
  </frame>
  <frame idx="250" w="917" h="1256" x="2.865845" y="-380.975586">
   <element name="king_slime" layername="King_Slime_3" frame="0" z_index="1" m_a="5.000000" m_b="0.000000" m_c="0.000000" m_d="5.000000" m_tx="-414.634155" m_ty="-760.975586"/>
  </frame>
  <frame idx="275" w="917" h="1256" x="2.865845" y="-380.975586">
   <element name="king_slime" layername="King_Slime_3" frame="0" z_index="1" m_a="5.000000" m_b="0.000000" m_c="0.000000" m_d="5.000000" m_tx="-414.634155" m_ty="-760.975586"/>
  </frame>
  <frame idx="300" w="917" h="1256" x="2.865845" y="-380.975586">
   <element name="king_slime" layername="King_Slime_3" frame="0" z_index="1" m_a="5.000000" m_b="0.000000" m_c="0.000000" m_d="5.000000" m_tx="-414.634155" m_ty="-760.975586"/>
  </frame>
  <frame idx="325" w="917" h="1256" x="2.865845" y="-380.975586">
   <element name="king_slime" layername="King_Slime_3" frame="0" z_index="1" m_a="5.000000" m_b="0.000000" m_c="0.000000" m_d="5.000000" m_tx="-414.634155" m_ty="-760.975586"/>
  </frame>
  <frame idx="350" w="917" h="1256" x="2.865845" y="-380.975586">
   <element name="king_slime" layername="King_Slime_3" frame="0" z_index="1" m_a="5.000000" m_b="0.000000" m_c="0.000000" m_d="5.000000" m_tx="-414.634155" m_ty="-760.975586"/>
  </frame>
  <frame idx="375" w="917" h="1256" x="2.865845" y="-380.975586">
   <element name="king_slime" layername="King_Slime_3" frame="0" z_index="1" m_a="5.000000" m_b="0.000000" m_c="0.000000" m_d="5.000000" m_tx="-414.634155" m_ty="-760.975586"/>
  </frame>
  <frame idx="400" w="917" h="1256" x="2.865845" y="-380.975586">
   <element name="king_slime" layername="King_Slime_3" frame="0" z_index="1" m_a="5.000000" m_b="0.000000" m_c="0.000000" m_d="5.000000" m_tx="-414.634155" m_ty="-760.975586"/>
  </frame>
  <frame idx="425" w="917" h="1256" x="2.865845" y="-380.975586">
   <element name="king_slime" layername="King_Slime_3" frame="0" z_index="1" m_a="5.000000" m_b="0.000000" m_c="0.000000" m_d="5.000000" m_tx="-414.634155" m_ty="-760.975586"/>
  </frame>
  <frame idx="450" w="917" h="1256" x="2.865845" y="-380.975586">
   <element name="king_slime" layername="King_Slime_3" frame="0" z_index="1" m_a="5.000000" m_b="0.000000" m_c="0.000000" m_d="5.000000" m_tx="-414.634155" m_ty="-760.975586"/>
  </frame>
  <frame idx="475" w="917" h="1256" x="2.865845" y="-380.975586">
   <element name="king_slime" layername="King_Slime_3" frame="0" z_index="1" m_a="5.000000" m_b="0.000000" m_c="0.000000" m_d="5.000000" m_tx="-414.634155" m_ty="-760.975586"/>
  </frame>
  <frame idx="500" w="917" h="1256" x="2.865845" y="-380.975586">
   <element name="king_slime" layername="King_Slime_3" frame="0" z_index="1" m_a="5.000000" m_b="0.000000" m_c="0.000000" m_d="5.000000" m_tx="-414.634155" m_ty="-760.975586"/>
  </frame>
  <frame idx="525" w="917" h="1256" x="2.865845" y="-380.975586">
   <element name="king_slime" layername="King_Slime_3" frame="0" z_index="1" m_a="5.000000" m_b="0.000000" m_c="0.000000" m_d="5.000000" m_tx="-414.634155" m_ty="-760.975586"/>
  </frame>
  <frame idx="550" w="917" h="1256" x="2.865845" y="-380.975586">
   <element name="king_slime" layername="King_Slime_3" frame="0" z_index="1" m_a="5.000000" m_b="0.000000" m_c="0.000000" m_d="5.000000" m_tx="-414.634155" m_ty="-760.975586"/>
  </frame>
  <frame idx="575" w="917" h="1256" x="2.865845" y="-380.975586">
   <element name="king_slime" layername="King_Slime_3" frame="0" z_index="1" m_a="5.000000" m_b="0.000000" m_c="0.000000" m_d="5.000000" m_tx="-414.634155" m_ty="-760.975586"/>
  </frame>
  <frame idx="600" w="917" h="1256" x="2.865845" y="-380.975586">
   <element name="king_slime" layername="King_Slime_3" frame="0" z_index="1" m_a="5.000000" m_b="0.000000" m_c="0.000000" m_d="5.000000" m_tx="-414.634155" m_ty="-760.975586"/>
  </frame>
  <frame idx="625" w="917" h="1256" x="2.865845" y="-380.975586">
   <element name="king_slime" layername="King_Slime_3" frame="0" z_index="1" m_a="5.000000" m_b="0.000000" m_c="0.000000" m_d="5.000000" m_tx="-414.634155" m_ty="-760.975586"/>
  </frame>
  <frame idx="650" w="917" h="1256" x="2.865845" y="-380.975586">
   <element name="king_slime" layername="King_Slime_3" frame="0" z_index="1" m_a="5.000000" m_b="0.000000" m_c="0.000000" m_d="5.000000" m_tx="-414.634155" m_ty="-760.975586"/>
  </frame>
  <frame idx="675" w="917" h="1256" x="2.865845" y="-380.975586">
   <element name="king_slime" layername="King_Slime_3" frame="0" z_index="1" m_a="5.000000" m_b="0.000000" m_c="0.000000" m_d="5.000000" m_tx="-414.634155" m_ty="-760.975586"/>
  </frame>
  <frame idx="700" w="917" h="1256" x="2.865845" y="-380.975586">
   <element name="king_slime" layername="King_Slime_3" frame="0" z_index="1" m_a="5.000000" m_b="0.000000" m_c="0.000000" m_d="5.000000" m_tx="-414.634155" m_ty="-760.975586"/>
  </frame>
  <frame idx="725" w="917" h="1256" x="2.865845" y="-380.975586">
   <element name="king_slime" layername="King_Slime_3" frame="0" z_index="1" m_a="5.000000" m_b="0.000000" m_c="0.000000" m_d="5.000000" m_tx="-414.634155" m_ty="-760.975586"/>
  </frame>
  <frame idx="750" w="917" h="1256" x="2.865845" y="-380.975586">
   <element name="king_slime" layername="King_Slime_3" frame="0" z_index="1" m_a="5.000000" m_b="0.000000" m_c="0.000000" m_d="5.000000" m_tx="-414.634155" m_ty="-760.975586"/>
  </frame>
  <frame idx="775" w="917" h="1256" x="2.865845" y="-380.975586">
   <element name="king_slime" layername="King_Slime_3" frame="0" z_index="1" m_a="5.000000" m_b="0.000000" m_c="0.000000" m_d="5.000000" m_tx="-414.634155" m_ty="-760.975586"/>
  </frame>
  <frame idx="800" w="917" h="1256" x="2.865845" y="-380.975586">
   <element name="king_slime" layername="King_Slime_3" frame="0" z_index="1" m_a="5.000000" m_b="0.000000" m_c="0.000000" m_d="5.000000" m_tx="-414.634155" m_ty="-760.975586"/>
  </frame>
  <frame idx="825" w="917" h="1256" x="2.865845" y="-380.975586">
   <element name="king_slime" layername="King_Slime_3" frame="0" z_index="1" m_a="5.000000" m_b="0.000000" m_c="0.000000" m_d="5.000000" m_tx="-414.634155" m_ty="-760.975586"/>
  </frame>
  <frame idx="850" w="917" h="1256" x="2.865845" y="-380.975586">
   <element name="king_slime" layername="King_Slime_3" frame="0" z_index="1" m_a="5.000000" m_b="0.000000" m_c="0.000000" m_d="5.000000" m_tx="-414.634155" m_ty="-760.975586"/>
  </frame>
  <frame idx="875" w="917" h="1256" x="2.865845" y="-380.975586">
   <element name="king_slime" layername="King_Slime_3" frame="0" z_index="1" m_a="5.000000" m_b="0.000000" m_c="0.000000" m_d="5.000000" m_tx="-414.634155" m_ty="-760.975586"/>
  </frame>
  <frame idx="900" w="917" h="1256" x="2.865845" y="-380.975586">
   <element name="king_slime" layername="King_Slime_3" frame="0" z_index="1" m_a="5.000000" m_b="0.000000" m_c="0.000000" m_d="5.000000" m_tx="-414.634155" m_ty="-760.975586"/>
  </frame>
  <frame idx="925" w="917" h="1256" x="2.865845" y="-380.975586">
   <element name="king_slime" layername="King_Slime_3" frame="0" z_index="1" m_a="5.000000" m_b="0.000000" m_c="0.000000" m_d="5.000000" m_tx="-414.634155" m_ty="-760.975586"/>
  </frame>
  <frame idx="950" w="917" h="1256" x="2.865845" y="-380.975586">
   <element name="king_slime" layername="King_Slime_3" frame="0" z_index="1" m_a="5.000000" m_b="0.000000" m_c="0.000000" m_d="5.000000" m_tx="-414.634155" m_ty="-760.975586"/>
  </frame>
  <frame idx="975" w="917" h="1256" x="2.865845" y="-380.975586">
   <element name="king_slime" layername="King_Slime_3" frame="0" z_index="1" m_a="5.000000" m_b="0.000000" m_c="0.000000" m_d="5.000000" m_tx="-414.634155" m_ty="-760.975586"/>
  </frame>
 </anim>
</Anims>
