<Anims>
 <anim name="idle" root="green_slime" numframes="300" framerate="40">
  <frame idx="0" w="37" h="41" x="0.153847" y="-10.634617">
   <element name="green_slime" layername="green_slime" frame="0" z_index="2" m_a="1.000000" m_b="0.000000" m_c="0.000000" m_d="1.000000" m_tx="-16.346153" m_ty="-21.807692"/>
   <element name="green_slime" layername="green_slime" frame="1" z_index="2" m_a="1.000000" m_b="0.000000" m_c="0.000000" m_d="1.000000" m_tx="-16.346153" m_ty="-23.461538"/>
  </frame>
  <frame idx="25" w="37" h="41" x="0.153847" y="-10.634617">
   <element name="green_slime" layername="green_slime" frame="0" z_index="2" m_a="1.000000" m_b="0.000000" m_c="0.000000" m_d="1.000000" m_tx="-16.346153" m_ty="-21.807692"/>
   <element name="green_slime" layername="green_slime" frame="1" z_index="2" m_a="1.000000" m_b="0.000000" m_c="0.000000" m_d="1.000000" m_tx="-16.346153" m_ty="-23.461538"/>
  </frame>
  <frame idx="50" w="37" h="41" x="0.153847" y="-10.634617">
   <element name="green_slime" layername="green_slime" frame="0" z_index="2" m_a="1.000000" m_b="0.000000" m_c="0.000000" m_d="1.000000" m_tx="-16.346153" m_ty="-21.807692"/>
   <element name="green_slime" layername="green_slime" frame="1" z_index="2" m_a="1.000000" m_b="0.000000" m_c="0.000000" m_d="1.000000" m_tx="-16.346153" m_ty="-23.461538"/>
  </frame>
  <frame idx="75" w="37" h="41" x="0.153847" y="-10.634617">
   <element name="green_slime" layername="green_slime" frame="0" z_index="2" m_a="1.000000" m_b="0.000000" m_c="0.000000" m_d="1.000000" m_tx="-16.346153" m_ty="-21.807692"/>
   <element name="green_slime" layername="green_slime" frame="1" z_index="2" m_a="1.000000" m_b="0.000000" m_c="0.000000" m_d="1.000000" m_tx="-16.346153" m_ty="-23.461538"/>
  </frame>
  <frame idx="100" w="37" h="41" x="0.153847" y="-10.634617">
   <element name="green_slime" layername="green_slime" frame="0" z_index="2" m_a="1.000000" m_b="0.000000" m_c="0.000000" m_d="1.000000" m_tx="-16.346153" m_ty="-21.807692"/>
   <element name="green_slime" layername="green_slime" frame="1" z_index="2" m_a="1.000000" m_b="0.000000" m_c="0.000000" m_d="1.000000" m_tx="-16.346153" m_ty="-23.461538"/>
  </frame>
  <frame idx="125" w="37" h="41" x="0.153847" y="-10.634617">
   <element name="green_slime" layername="green_slime" frame="0" z_index="2" m_a="1.000000" m_b="0.000000" m_c="0.000000" m_d="1.000000" m_tx="-16.346153" m_ty="-21.807692"/>
   <element name="green_slime" layername="green_slime" frame="1" z_index="2" m_a="1.000000" m_b="0.000000" m_c="0.000000" m_d="1.000000" m_tx="-16.346153" m_ty="-23.461538"/>
  </frame>
  <frame idx="150" w="37" h="41" x="0.153847" y="-10.634617">
   <element name="green_slime" layername="green_slime" frame="0" z_index="2" m_a="1.000000" m_b="0.000000" m_c="0.000000" m_d="1.000000" m_tx="-16.346153" m_ty="-21.807692"/>
   <element name="green_slime" layername="green_slime" frame="1" z_index="2" m_a="1.000000" m_b="0.000000" m_c="0.000000" m_d="1.000000" m_tx="-16.346153" m_ty="-23.461538"/>
  </frame>
  <frame idx="175" w="37" h="41" x="0.153847" y="-10.634617">
   <element name="green_slime" layername="green_slime" frame="0" z_index="2" m_a="1.000000" m_b="0.000000" m_c="0.000000" m_d="1.000000" m_tx="-16.346153" m_ty="-21.807692"/>
   <element name="green_slime" layername="green_slime" frame="1" z_index="2" m_a="1.000000" m_b="0.000000" m_c="0.000000" m_d="1.000000" m_tx="-16.346153" m_ty="-23.461538"/>
  </frame>
  <frame idx="200" w="37" h="41" x="0.153847" y="-10.634617">
   <element name="green_slime" layername="green_slime" frame="0" z_index="2" m_a="1.000000" m_b="0.000000" m_c="0.000000" m_d="1.000000" m_tx="-16.346153" m_ty="-21.807692"/>
   <element name="green_slime" layername="green_slime" frame="1" z_index="2" m_a="1.000000" m_b="0.000000" m_c="0.000000" m_d="1.000000" m_tx="-16.346153" m_ty="-23.461538"/>
  </frame>
  <frame idx="225" w="37" h="41" x="0.153847" y="-10.634617">
   <element name="green_slime" layername="green_slime" frame="0" z_index="2" m_a="1.000000" m_b="0.000000" m_c="0.000000" m_d="1.000000" m_tx="-16.346153" m_ty="-21.807692"/>
   <element name="green_slime" layername="green_slime" frame="1" z_index="2" m_a="1.000000" m_b="0.000000" m_c="0.000000" m_d="1.000000" m_tx="-16.346153" m_ty="-23.461538"/>
  </frame>
  <frame idx="250" w="37" h="41" x="0.153847" y="-10.634617">
   <element name="green_slime" layername="green_slime" frame="0" z_index="2" m_a="1.000000" m_b="0.000000" m_c="0.000000" m_d="1.000000" m_tx="-16.346153" m_ty="-21.807692"/>
   <element name="green_slime" layername="green_slime" frame="1" z_index="2" m_a="1.000000" m_b="0.000000" m_c="0.000000" m_d="1.000000" m_tx="-16.346153" m_ty="-23.461538"/>
  </frame>
  <frame idx="275" w="37" h="41" x="0.153847" y="-10.634617">
   <element name="green_slime" layername="green_slime" frame="0" z_index="2" m_a="1.000000" m_b="0.000000" m_c="0.000000" m_d="1.000000" m_tx="-16.346153" m_ty="-21.807692"/>
   <element name="green_slime" layername="green_slime" frame="1" z_index="2" m_a="1.000000" m_b="0.000000" m_c="0.000000" m_d="1.000000" m_tx="-16.346153" m_ty="-23.461538"/>
  </frame>
 </anim>
</Anims>
