<Anims>
 <anim name="idle" root="green_slime" numframes="400" framerate="40">
  <frame idx="0" w="255" h="284" x="1.653839" y="-75.634613">
   <element name="green_slime" layername="green_slime" frame="0" z_index="2" m_a="7.000000" m_b="0.000000" m_c="0.000000" m_d="7.000000" m_tx="-113.346153" m_ty="-152.807693"/>
   <element name="green_slime" layername="green_slime" frame="1" z_index="2" m_a="7.000000" m_b="0.000000" m_c="0.000000" m_d="7.000000" m_tx="-114.346153" m_ty="-166.461533"/>
  </frame>
  <frame idx="25" w="255" h="284" x="1.653839" y="-75.634613">
   <element name="green_slime" layername="green_slime" frame="0" z_index="2" m_a="7.000000" m_b="0.000000" m_c="0.000000" m_d="7.000000" m_tx="-113.346153" m_ty="-152.807693"/>
   <element name="green_slime" layername="green_slime" frame="1" z_index="2" m_a="7.000000" m_b="0.000000" m_c="0.000000" m_d="7.000000" m_tx="-114.346153" m_ty="-166.461533"/>
  </frame>
  <frame idx="50" w="255" h="284" x="1.653839" y="-75.634613">
   <element name="green_slime" layername="green_slime" frame="0" z_index="2" m_a="7.000000" m_b="0.000000" m_c="0.000000" m_d="7.000000" m_tx="-113.346153" m_ty="-152.807693"/>
   <element name="green_slime" layername="green_slime" frame="1" z_index="2" m_a="7.000000" m_b="0.000000" m_c="0.000000" m_d="7.000000" m_tx="-114.346153" m_ty="-166.461533"/>
  </frame>
  <frame idx="75" w="255" h="284" x="1.653839" y="-75.634613">
   <element name="green_slime" layername="green_slime" frame="0" z_index="2" m_a="7.000000" m_b="0.000000" m_c="0.000000" m_d="7.000000" m_tx="-113.346153" m_ty="-152.807693"/>
   <element name="green_slime" layername="green_slime" frame="1" z_index="2" m_a="7.000000" m_b="0.000000" m_c="0.000000" m_d="7.000000" m_tx="-114.346153" m_ty="-166.461533"/>
  </frame>
  <frame idx="100" w="255" h="284" x="1.653839" y="-75.634613">
   <element name="green_slime" layername="green_slime" frame="0" z_index="2" m_a="7.000000" m_b="0.000000" m_c="0.000000" m_d="7.000000" m_tx="-113.346153" m_ty="-152.807693"/>
   <element name="green_slime" layername="green_slime" frame="1" z_index="2" m_a="7.000000" m_b="0.000000" m_c="0.000000" m_d="7.000000" m_tx="-114.346153" m_ty="-166.461533"/>
  </frame>
  <frame idx="125" w="255" h="284" x="1.653839" y="-75.634613">
   <element name="green_slime" layername="green_slime" frame="0" z_index="2" m_a="7.000000" m_b="0.000000" m_c="0.000000" m_d="7.000000" m_tx="-113.346153" m_ty="-152.807693"/>
   <element name="green_slime" layername="green_slime" frame="1" z_index="2" m_a="7.000000" m_b="0.000000" m_c="0.000000" m_d="7.000000" m_tx="-114.346153" m_ty="-166.461533"/>
  </frame>
  <frame idx="150" w="255" h="284" x="1.653839" y="-75.634613">
   <element name="green_slime" layername="green_slime" frame="0" z_index="2" m_a="7.000000" m_b="0.000000" m_c="0.000000" m_d="7.000000" m_tx="-113.346153" m_ty="-152.807693"/>
   <element name="green_slime" layername="green_slime" frame="1" z_index="2" m_a="7.000000" m_b="0.000000" m_c="0.000000" m_d="7.000000" m_tx="-114.346153" m_ty="-166.461533"/>
  </frame>
  <frame idx="175" w="255" h="284" x="1.653839" y="-75.634613">
   <element name="green_slime" layername="green_slime" frame="0" z_index="2" m_a="7.000000" m_b="0.000000" m_c="0.000000" m_d="7.000000" m_tx="-113.346153" m_ty="-152.807693"/>
   <element name="green_slime" layername="green_slime" frame="1" z_index="2" m_a="7.000000" m_b="0.000000" m_c="0.000000" m_d="7.000000" m_tx="-114.346153" m_ty="-166.461533"/>
  </frame>
  <frame idx="200" w="255" h="284" x="1.653839" y="-75.634613">
   <element name="green_slime" layername="green_slime" frame="0" z_index="2" m_a="7.000000" m_b="0.000000" m_c="0.000000" m_d="7.000000" m_tx="-113.346153" m_ty="-152.807693"/>
   <element name="green_slime" layername="green_slime" frame="1" z_index="2" m_a="7.000000" m_b="0.000000" m_c="0.000000" m_d="7.000000" m_tx="-114.346153" m_ty="-166.461533"/>
  </frame>
  <frame idx="225" w="255" h="284" x="1.653839" y="-75.634613">
   <element name="green_slime" layername="green_slime" frame="0" z_index="2" m_a="7.000000" m_b="0.000000" m_c="0.000000" m_d="7.000000" m_tx="-113.346153" m_ty="-152.807693"/>
   <element name="green_slime" layername="green_slime" frame="1" z_index="2" m_a="7.000000" m_b="0.000000" m_c="0.000000" m_d="7.000000" m_tx="-114.346153" m_ty="-166.461533"/>
  </frame>
  <frame idx="250" w="255" h="284" x="1.653839" y="-75.634613">
   <element name="green_slime" layername="green_slime" frame="0" z_index="2" m_a="7.000000" m_b="0.000000" m_c="0.000000" m_d="7.000000" m_tx="-113.346153" m_ty="-152.807693"/>
   <element name="green_slime" layername="green_slime" frame="1" z_index="2" m_a="7.000000" m_b="0.000000" m_c="0.000000" m_d="7.000000" m_tx="-114.346153" m_ty="-166.461533"/>
  </frame>
  <frame idx="275" w="255" h="284" x="1.653839" y="-75.634613">
   <element name="green_slime" layername="green_slime" frame="0" z_index="2" m_a="7.000000" m_b="0.000000" m_c="0.000000" m_d="7.000000" m_tx="-113.346153" m_ty="-152.807693"/>
   <element name="green_slime" layername="green_slime" frame="1" z_index="2" m_a="7.000000" m_b="0.000000" m_c="0.000000" m_d="7.000000" m_tx="-114.346153" m_ty="-166.461533"/>
  </frame>
  <frame idx="300" w="255" h="284" x="1.653839" y="-75.634613">
   <element name="green_slime" layername="green_slime" frame="0" z_index="2" m_a="7.000000" m_b="0.000000" m_c="0.000000" m_d="7.000000" m_tx="-113.346153" m_ty="-152.807693"/>
   <element name="green_slime" layername="green_slime" frame="1" z_index="2" m_a="7.000000" m_b="0.000000" m_c="0.000000" m_d="7.000000" m_tx="-114.346153" m_ty="-166.461533"/>
  </frame>
  <frame idx="325" w="255" h="284" x="1.653839" y="-75.634613">
   <element name="green_slime" layername="green_slime" frame="0" z_index="2" m_a="7.000000" m_b="0.000000" m_c="0.000000" m_d="7.000000" m_tx="-113.346153" m_ty="-152.807693"/>
   <element name="green_slime" layername="green_slime" frame="1" z_index="2" m_a="7.000000" m_b="0.000000" m_c="0.000000" m_d="7.000000" m_tx="-114.346153" m_ty="-166.461533"/>
  </frame>
  <frame idx="350" w="255" h="284" x="1.653839" y="-75.634613">
   <element name="green_slime" layername="green_slime" frame="0" z_index="2" m_a="7.000000" m_b="0.000000" m_c="0.000000" m_d="7.000000" m_tx="-113.346153" m_ty="-152.807693"/>
   <element name="green_slime" layername="green_slime" frame="1" z_index="2" m_a="7.000000" m_b="0.000000" m_c="0.000000" m_d="7.000000" m_tx="-114.346153" m_ty="-166.461533"/>
  </frame>
  <frame idx="375" w="255" h="284" x="1.653839" y="-75.634613">
   <element name="green_slime" layername="green_slime" frame="0" z_index="2" m_a="7.000000" m_b="0.000000" m_c="0.000000" m_d="7.000000" m_tx="-113.346153" m_ty="-152.807693"/>
   <element name="green_slime" layername="green_slime" frame="1" z_index="2" m_a="7.000000" m_b="0.000000" m_c="0.000000" m_d="7.000000" m_tx="-114.346153" m_ty="-166.461533"/>
  </frame>
 </anim>
</Anims>
